Account,Product,Region,Revenue,RegionalDirector
Bank of America,CHK,North,199555,Lezlie Bolley
Bank of America,CHK,East,98500,Amery Bowdidge
Bank of America,CHK,West,156355,Jerry Haggerwood
Bank of America,CHK,South,128445,Budd Etheredge
Bank of America,SAV,North,146006,Salomon Glaserman
Bank of America,SAV,East,145979,Clair Walshe
Bank of America,SAV,West,108456,Roseanne Blanchflower
Bank of America,SAV,South,165378,Ulick Hadgraft
Bank of America,MMA,North,70080,Harmon Dungey
Bank of America,MMA,East,157872,Creigh King
Bank of America,MMA,West,70782,Fern Larkins
Bank of America,MMA,South,176561,Chanda McIlreavy
Bank of America,CD,North,60304,Jordana Cicci
Bank of America,CD,East,124690,Sallyanne Barock
Bank of America,CD,West,168585,Corabella Mager
Bank of America,CD,South,196482,Kevina Iceton
Bank of America,BRK,North,60732,Jeramey Hallowell
Bank of America,BRK,East,87089,Kynthia Rabat
Bank of America,BRK,West,114353,Benni Chuter
Bank of America,BRK,South,98859,Dilly Goalby
Bank of America,IRA,North,34565,Hiram Rudloff
Bank of America,IRA,East,22703,Marj MacKintosh
Bank of America,IRA,West,148030,Anne Geistmann
Bank of America,IRA,South,192522,Alissa Wythill
TD Bank,CHK,North,97893,Megen Goodanew
TD Bank,CHK,East,118953,Maegan Finnimore
TD Bank,CHK,West,12484,Hildagarde Daborn
TD Bank,CHK,South,120312,Osmund Hercock
TD Bank,SAV,North,33273,Ewen Beaford
TD Bank,SAV,East,52393,Carita Prier
TD Bank,SAV,West,38509,Maison Martello
TD Bank,SAV,South,104129,Leontine Verry
TD Bank,MMA,North,38035,Jayme Ivashechkin
TD Bank,MMA,East,146981,Yuma Fihelly
TD Bank,MMA,West,189606,Gertruda Trickett
TD Bank,MMA,South,125230,Pincas Kliesl
TD Bank,CD,North,109136,Norrie Pankhurst.
TD Bank,CD,East,28521,Lisa Vicker
TD Bank,CD,West,34502,Jordan Lavallie
TD Bank,CD,South,128708,Dannie Ysson
TD Bank,BRK,North,113313,Hadlee McKeller
TD Bank,BRK,East,168857,Caril Drews
TD Bank,BRK,West,75717,Jean Loines
TD Bank,BRK,South,192046,Daron Baptiste
TD Bank,IRA,North,13210,Gretna Mellor
TD Bank,IRA,East,18652,Francisco Betty
TD Bank,IRA,West,160090,Tades Coot
TD Bank,IRA,South,16775,Gusty Jowling
Citibank,CHK,North,58916,Nev Hellicar
Citibank,CHK,East,154791,Pollyanna Malyan
Citibank,CHK,West,35559,Evelin Woodland
Citibank,CHK,South,129353,Jodi Eefting
Citibank,SAV,North,194569,Stephannie Lile
Citibank,SAV,East,72989,Lesly Wordington
Citibank,SAV,West,36033,Josephine Kinnier
Citibank,SAV,South,150973,Filippa Ferron
Citibank,MMA,North,151470,Trula Forryan
Citibank,MMA,East,104623,Dorena Bernardon
Citibank,MMA,West,23824,Angelique Robottham
Citibank,MMA,South,16514,Bartholomew Beecraft
Citibank,CD,North,34652,Joice Pittford
Citibank,CD,East,53685,Darryl Henaughan
Citibank,CD,West,181236,Yorgo Du Fray
Citibank,CD,South,86987,Tricia Paulon
Citibank,BRK,North,196732,Ab Czajka
Citibank,BRK,East,182519,Tito Waters
Citibank,BRK,West,131206,Chloette Abisetti
Citibank,BRK,South,24976,Colver Birdis
Citibank,IRA,North,149379,Cindy Levings
Citibank,IRA,East,177352,Sari Belchamp
Citibank,IRA,West,56046,Shepperd Tuffin
Citibank,IRA,South,185831,Derby Dugget
Chase,CHK,North,47652,Marji Denerley
Chase,CHK,East,24077,Grady Brodest
Chase,CHK,West,43946,Adan Vizard
Chase,CHK,South,46948,Marjie Eyeington
Chase,SAV,North,12478,Bradan Glenwright
Chase,SAV,East,118219,Frazier Rodmell
Chase,SAV,West,116952,Leta Dugan
Chase,SAV,South,166060,Ad Lyddiatt
Chase,MMA,North,189829,Bekki Troke
Chase,MMA,East,18672,Nissy Veque
Chase,MMA,West,139983,Anallese Egar
Chase,MMA,South,134654,Zitella Taylorson
Chase,CD,North,79729,Sascha McKay
Chase,CD,East,48379,Benny Hargate
Chase,CD,West,105620,Sax Marklund
Chase,CD,South,138716,Thayne Menicomb
Chase,BRK,North,190272,Ariela Gilloran
Chase,BRK,East,163837,Norrie Guillain
Chase,BRK,West,158129,Josee Strotton
Chase,BRK,South,134339,Suzie Hercules
Chase,IRA,North,125125,Dorella Carnegie
Chase,IRA,East,169921,Doralyn Saing
Chase,IRA,West,177367,Elane Braam
Chase,IRA,South,192829,Abraham Veregan
Wells Fargo,CHK,North,194369,Farra Bradmore
Wells Fargo,CHK,East,49229,Trace Chilver
Wells Fargo,CHK,West,33847,Alfons Whitwam
Wells Fargo,CHK,South,150627,Trudie Phillip
Wells Fargo,SAV,North,96655,Jerrylee Renn
Wells Fargo,SAV,East,179665,Randy Lukacs
Wells Fargo,SAV,West,53226,Robin Aizikowitz
Wells Fargo,SAV,South,186329,Osborne O'Heneghan
Wells Fargo,MMA,North,184279,Trudi Rolfi
Wells Fargo,MMA,East,106024,Dru Musgrove
Wells Fargo,MMA,West,88264,Etienne Greetham
Wells Fargo,MMA,South,139336,Pearline Scullion
Wells Fargo,CD,North,40690,Anders Norgan
Wells Fargo,CD,East,136469,Tannie Yeandel
Wells Fargo,CD,West,36225,Niles Ughelli
Wells Fargo,CD,South,177618,Brunhilde Laddle
Wells Fargo,BRK,North,30267,Delphinia McMurraya
Wells Fargo,BRK,East,39181,Silvana Weekland
Wells Fargo,BRK,West,156996,Killie Kurt
Wells Fargo,BRK,South,110731,Art Ambroise
Wells Fargo,IRA,North,193503,Archibald Tiuit
Wells Fargo,IRA,East,27404,Jarrod Edgeley
Wells Fargo,IRA,West,80226,Stavro Ianetti
Wells Fargo,IRA,South,169987,Alie Quincee
U.S Bank,CHK,North,52240,Raeann Chiese
U.S Bank,CHK,East,62064,Bianca Durden
U.S Bank,CHK,West,42394,Clarette Bedome
U.S Bank,CHK,South,92292,Shelagh Shakeshaft
U.S Bank,SAV,North,67951,Raymond Rowlstone
U.S Bank,SAV,East,132785,Yetta Kippie
U.S Bank,SAV,West,124916,Kenny Tennant
U.S Bank,SAV,South,185002,Mari Schowenburg
U.S Bank,MMA,North,127563,Gabrielle Antoinet
U.S Bank,MMA,East,195276,Aloysia Constantine
U.S Bank,MMA,West,88166,Teador Corbyn
U.S Bank,MMA,South,29748,Adriana Betteson
U.S Bank,CD,North,107482,Johnathan Chessill
U.S Bank,CD,East,143806,Isak Jenken
U.S Bank,CD,West,42942,Adham Silbermann
U.S Bank,CD,South,163292,Beck Eberlein
U.S Bank,BRK,North,79741,Gerry Hartill
U.S Bank,BRK,East,63580,Traver Hoyte
U.S Bank,BRK,West,150813,Filide Cooke
U.S Bank,BRK,South,190714,Friedrick McGragh
U.S Bank,IRA,North,192996,Robyn Haverson
U.S Bank,IRA,East,157770,Maryjo Hartgill
U.S Bank,IRA,West,150687,Gael Waldock
U.S Bank,IRA,South,129582,Bernadina Sprigg
Capital One,CHK,North,74383,Jeana Sagerson
Capital One,CHK,East,68302,Quentin Goad
Capital One,CHK,West,189006,Candice Felgat
Capital One,CHK,South,76625,Rafa Killingback
Capital One,SAV,North,81282,Zebedee McNerlin
Capital One,SAV,East,186517,Jeramie Dammarell
Capital One,SAV,West,45459,Melanie Hollows
Capital One,SAV,South,28247,Raimundo Hull
Capital One,MMA,North,180668,Jasper Grisley
Capital One,MMA,East,81018,Halimeda Malletratt
Capital One,MMA,West,56450,Hyacinthie Yglesia
Capital One,MMA,South,141293,Baron Walenta
Capital One,CD,North,30923,Josey Phizacklea
Capital One,CD,East,138066,Flore Dayce
Capital One,CD,West,186091,Theressa Smyley
Capital One,CD,South,40717,Brucie Plaid
Capital One,BRK,North,94041,Marsha Daveley
Capital One,BRK,East,120450,Upton Nind
Capital One,BRK,West,136385,Darrin Dionsetto
Capital One,BRK,South,55900,Dede Cullip
Capital One,IRA,North,181565,Lavena McCuis
Capital One,IRA,East,105876,Robin Eldered
Capital One,IRA,West,167497,Moyra Marsden
Capital One,IRA,South,152845,Wang Catonne
PNC,CHK,North,158098,Trista Ockendon
PNC,CHK,East,98106,Hewett Ginnane
PNC,CHK,West,169945,Reamonn Leppingwell
PNC,CHK,South,66147,Bryant Astell
PNC,SAV,North,162084,Bennie Woltman
PNC,SAV,East,133889,Jacquenetta Fillan
PNC,SAV,West,86068,Freddi Barcke
PNC,SAV,South,65985,Harp Stanyon
PNC,MMA,North,49927,Aggie Stainburn
PNC,MMA,East,161546,Elfreda Girdler
PNC,MMA,West,128234,Michaeline Kendred
PNC,MMA,South,61441,Yehudi Inman
PNC,CD,North,164611,Adriena Brickell
PNC,CD,East,183281,Lindsay Melrose
PNC,CD,West,48494,Delphinia Gillmor
PNC,CD,South,111338,Cull Meachen
PNC,BRK,North,98890,Farra Tomkin
PNC,BRK,East,158500,Julie Mabee
PNC,BRK,West,93022,Cherilynn Colkett
PNC,BRK,South,68899,Layton Warlow
PNC,IRA,North,132540,Kirstin Bowstead
PNC,IRA,East,127563,Sidney Barling
PNC,IRA,West,25036,Ernestus Rawsthorne
PNC,IRA,South,160025,Cecile McKeag
HSBC,CHK,North,183261,Billie Richard
HSBC,CHK,East,132958,Jaclyn Mott
HSBC,CHK,West,63648,Hakeem O'Hdirscoll
HSBC,CHK,South,15746,Margarethe Caddell
HSBC,SAV,North,89079,Carilyn Egger
HSBC,SAV,East,148522,Adrienne Murty
HSBC,SAV,West,142099,Sarina Dassindale
HSBC,SAV,South,192724,Nari Yarrow
HSBC,MMA,North,119008,Beilul Orgee
HSBC,MMA,East,111255,Gib Watkiss
HSBC,MMA,West,184768,Verge Mallall
HSBC,MMA,South,115459,Caleb Filyakov
HSBC,CD,North,16138,Helaina Nana
HSBC,CD,East,131896,Kale Eades
HSBC,CD,West,12920,Brianne Roache
HSBC,CD,South,40773,Neille Nealy
HSBC,BRK,North,98589,Adorne Canero
HSBC,BRK,East,184245,Poppy Risson
HSBC,BRK,West,81301,Christy Bracken
HSBC,BRK,South,72497,Katinka Pendrid
HSBC,IRA,North,198276,Dorie Sambles
HSBC,IRA,East,13265,Grady Laviss
HSBC,IRA,West,188578,Ophelia Apthorpe
HSBC,IRA,South,81431,Cassey Newlove
